1;test;test;2023-04-29 11:42:58.363805
2;test;test;2023-04-29 11:42:58.363805
3;test;test;2023-04-29 11:42:58.363805
4;test;test;2023-04-29 11:42:58.363805
5;test;test;2023-04-29 11:42:58.363805
6;test;test;2023-04-29 11:42:58.363805
7;test;test;2023-04-29 11:42:58.363805
8;test;test;2023-04-29 11:42:58.363805
9;test;test;2023-04-29 11:42:58.363805
10;test;test;2023-04-29 11:42:58.363805
11;test;test;2023-04-29 11:42:58.363805
12;test;test;2023-04-29 11:42:58.363805
13;test;test;2023-04-29 11:42:58.363805
14;test;test;2023-04-29 11:42:58.363805
15;test;test;2023-04-29 13:19:15.606932
16;test;test;2023-04-29 13:44:27.304779
17;test;test;2023-04-29 11:42:58.363805
18;test;test;2023-04-29 11:42:58.363805
19;test;test;2023-04-29 13:19:15.606932
20;test;test;2023-04-29 13:44:27.304779
